arm,rate,seed,throughput_rps,tokens_per_sec,completed,ttft_mean_ms,ttft_p90_ms,ttft_p95_ms,ttft_p99_ms,e2e_mean_ms,e2e_p90_ms,e2e_p95_ms,e2e_p99_ms,itl_mean_ms,itl_p90_ms,itl_p95_ms,itl_p99_ms,timeouts,preemptions,disagg_count,sat_level,sat_score
"agg-4xtp4","0.2","42",1.0876139446858553,477.2984255780676,855,277.7969964912281,683.5088000000002,832.5037999999997,1240.9576600000005,13495.16617894737,35168.950600000004,51848.22999999997,98426.30470000012,30.185265869040848,39.832,43.897,56.745,0,0,0,"OVERLOADED",0.40585991997924126
"agg-4xtp4","0.2","123",1.169331045369561,484.4664042377741,885,265.24899548022603,665.7282000000001,783.9992,1100.0599199999974,12494.362160451976,30146.64940000001,43866.26799999999,103497.56875999969,29.586301891847558,38.84,42.451,56.87,0,0,0,"STABLE",0
"agg-4xtp4","0.2","777",1.1620262459370803,442.98278728730895,885,253.72933898305084,652.1850000000001,759.7421999999999,1029.3143599999999,11097.361383050848,23523.99040000001,41639.40419999997,97560.56991999986,28.51763260830156,36.002,40.695,53.867,0,0,0,"OVERLOADED",0.4941310639921964
"agg-4xtp4","0.4","42",1.417598599766416,626.0039811309839,1125,332.21617422222226,778.3594,922.17,1481.8171200000002,16753.321427555555,40905.77180000002,69147.51039999998,142172.37535999998,37.26855882655562,50.291,56.171,68.602,0,0,0,"OVERLOADED",0.6352371021965311
"agg-4xtp4","0.4","123",1.6149001366480047,661.0512964361775,1200,321.72915416666666,765.1082000000008,964.3712499999999,1613.97898,14926.358001666667,34891.85420000004,57893.336349999976,122784.87192,35.76351332206835,49.163,55.10534999999997,68.765,0,0,0,"OVERLOADED",0.7306856643441486
"agg-4xtp4","0.4","777",1.5781230306790057,614.8900574576868,1095,283.0669287671233,682.9304000000001,806.6486,1258.48498,13677.03270045662,32780.8712,52482.247499999976,117903.69099999947,34.462234416783765,46.711,51.786,65.17,0,0,0,"OVERLOADED",0.7586708269805734
"agg-4xtp4","0.7","42",1.7374776223224373,753.904905538185,1365,387.4956967032967,886.0916,1178.0185999999994,1934.3375599999993,18946.484543589744,45445.26420000005,73939.7966,151969.94615999993,42.86875049033793,59.721,67.585,78.551,0,0,0,"OVERLOADED",0.5922906841294636
"agg-4xtp4","0.7","123",1.8850133603267247,771.515023788836,1440,371.021025,891.5555000000003,1160.1337999999996,1756.1199199999996,17848.489859722224,43329.41330000006,70399.43609999999,147020.52914999996,42.80472065326838,62.111,67.248,80.433,0,0,0,"OVERLOADED",0.719919854298386
"agg-4xtp4","0.7","777",1.8452619478309045,708.2387289114691,1425,405.9559747368421,946.8736000000016,1320.5543999999998,2168.3171199999997,16766.87846526316,37778.08820000002,55603.579199999986,148902.46232,42.73645687071388,60.729,70.903,82.98390000000003,0,0,0,"OVERLOADED",0.5005710803200908
"agg-4xtp4","1.0","42",1.769968312403447,766.3345739533795,1635,457.74074740061167,1025.0496,1445.3029,2542.1260400000006,21999.920637920488,51970.38440000005,87688.37019999995,199124.62202000016,49.86838291967723,75.347,85.259,98.174,0,0,0,"OVERLOADED",0.6593674141466465
"agg-4xtp4","1.0","123",2.152127665331478,867.7035387216922,1755,484.8812484330484,1117.7552000000003,1586.099799999999,2469.1108600000007,20939.468086039888,51912.35280000007,83699.4093,178643.8129800001,50.85684044951143,78.367,86.261,104.033,0,0,0,"OVERLOADED",0.7143499527006215
"agg-4xtp4","1.0","777",2.06274906850342,794.2318916279818,1740,556.7319252873564,1358.0293000000001,1873.37065,2718.1843199999994,20158.670393678163,47721.76110000007,72594.32134999998,164503.64570999978,51.03995521697878,75.16,83.459,94.512,0,0,0,"OVERLOADED",0.5056239281884508
"agg-4xtp4","1.5","42",1.9855302556517076,848.3074548966241,1871,568.9602529348986,1369.5806,1904.4835999999998,2704.9712799999998,25120.130929983967,61502.608,98043.5285,204020.50619999992,57.598228364998796,85.538,93.55,107.982,3,0,0,"OVERLOADED",0.6774404230073041
"agg-4xtp4","1.5","123",2.2814732055968756,903.3421042028468,2088,631.2230963740458,1526.1275,2031.67425,2905.265300000003,24702.313456417625,61113.565899999994,93235.05769999999,205725.00747,60.946700838781105,94.348,103.34,121.688,8,0,0,"OVERLOADED",0.7764553398741255
"agg-4xtp4","1.5","777",2.306277701280898,881.8099099348705,2017,700.0895130993574,1706.9895999999994,2290.308899999998,3991.293559999998,23476.487755081806,51854.805200000024,86581.0687999998,196527.86203999945,59.72280271507449,89.892,98.791,109.089,6,0,0,"STABLE",0.002965892239248591
"agg-4xtp4","2.2","42",2.2283873526465134,912.1132184969966,2191,784.287815168029,1828.362000000001,2561.9049999999997,4804.892789999971,28275.94484892743,68603.668,108758.235,217425.36939999973,67.32159957814443,99.956,107.447,116.69,11,0,0,"STABLE",0.004995458673932807
"agg-4xtp4","2.2","123",2.5243589558447357,971.9998290156539,2449,864.6180287915653,2068.5764999999997,2855.69625,4886.524599999983,28845.731744385463,70230.9072,110624.45979999994,222413.83503999998,72.85939877877887,106.44,115.673,132.553,17,0,0,"OVERLOADED",0.6576506464492735
"agg-4xtp4","2.2","777",2.4014045933058297,912.1799974707991,2471,1271.884111961337,2834.608200000004,4526.000400000003,12209.987119999963,29400.615038445972,69935.871,106900.4445,224995.8839000006,74.24269986166672,116.298,123.279,134.569,12,0,0,"STABLE",0.004832863471606941
"agg-4xtp4","3.0","42",2.5121952741896667,999.7487896411769,2466,1242.0560538368823,2715.8082000000036,4137.559999999999,12781.195679999968,32039.771635036494,75796.94300000001,120401.52325,224863.39329999953,77.60523956608394,112.587,120.48,135.068,23,0,0,"STABLE",0.009240658899156262
"agg-4xtp4","3.0","123",2.649150792269065,1013.0139733515615,2638,1159.0493516153267,2846.6639000000005,4064.2685999999967,8305.620689999994,31512.113042077333,78847.29250000004,124139.16835000011,217241.61291000055,79.59133693266753,118.505,124.535,131.137,24,0,0,"OVERLOADED",0.715555594723901
"agg-4xtp4","3.0","777",2.7151914000589104,974.7427441652543,2723,1798.7664040771751,3995.756800000001,7775.429399999997,17263.73766,31745.552608887254,74726.67180000004,111029.1152,205541.5959400002,83.62830920177304,117.158,122.048,130.584,24,0,0,"STABLE",0.008736803785948322
"pd-1p3d-thresh16","0.2","42",1.0564211022321917,463.6094740294199,855,486.25015789473684,596.511,810.8208,1025.4703600000046,15260.696461988304,39581.6796,58588.04649999984,113593.52286000007,33.96958499149217,44.988,47.758,54.628,0,0,855,"OVERLOADED",0.5190031349991485
"pd-1p3d-thresh16","0.2","123",1.1306159119991122,468.4263088962198,885,479.4599898305085,575.149,812.2539999999999,1227.9411999999993,13920.215868926553,32904.59,52822.26639999993,117779.10595999961,32.75283922029635,43.46,47.042,51.472,0,0,885,"STABLE",0
"pd-1p3d-thresh16","0.2","777",1.142112993282925,435.39154036363857,885,470.9907661016949,576.2529999999999,637.3758,924.7336799999994,12302.441632768361,27461.83340000003,46449.488799999934,98024.04715999999,31.362051861713983,40.86,43.909,50.573,0,0,885,"OVERLOADED",0.6264323866597716
"pd-1p3d-thresh16","0.4","42",1.288923278965965,569.1816457338823,1125,549.9118364444445,848.0806000000001,1106.0459999999998,1595.92528,18921.773524444445,42763.381,72986.09379999993,155556.78707999995,41.94985893610454,58.536,61.415,68.572,0,0,1125,"STABLE",0
"pd-1p3d-thresh16","0.4","123",1.5201761637905293,622.2765117668342,1200,575.2040566666666,969.0722000000002,1297.5327499999999,1663.84566,16858.375175,39818.03340000002,64306.664699999994,130282.57128999995,40.14249030435865,53.289,57.331,67.46,0,0,1200,"OVERLOADED",0.742733123137522
"pd-1p3d-thresh16","0.4","777",1.4622127782950962,569.7275065267804,1095,510.3024328767124,703.7200000000001,898.847,1333.7050199999999,15762.82449589041,36166.8798,58613.218199999916,142037.26323999965,39.516031723353564,61.643,73.534,80.641,0,0,1095,"OVERLOADED",0.8261864091674624
"pd-1p3d-thresh16","0.7","42",1.5972377919590521,693.0537643755862,1365,636.0987032967033,1099.9658000000002,1414.7109999999998,2159.4034799999986,21531.52389084249,53138.88180000003,87738.83019999995,165962.66287999926,48.550806301709706,65.086,71.912,78.909,0,0,1365,"OVERLOADED",0.6273427065552922
"pd-1p3d-thresh16","0.7","123",1.7050830461585695,697.871545425523,1440,649.4847368055555,1154.4744000000003,1444.9040499999999,2076.9891599999987,20784.61540486111,50704.682900000014,83560.6574999998,178420.20353999987,49.61478116325586,71.907,77.541,85.92,0,0,1440,"OVERLOADED",0.8228750581795162
"pd-1p3d-thresh16","0.7","777",1.7547522539176998,673.4997745605131,1425,1067.5476210526317,2700.243200000001,3962.3032,5239.20144,19151.073901754386,42335.26900000002,69863.48519999998,148668.63515999992,47.55441980455023,62.645,66.545,73.857,0,0,1425,"OVERLOADED",0.5408196739008733
"pd-1p3d-thresh16","1.0","42",1.5959374779147095,681.0136226513032,1590,809.2153783614759,1558.4882000000007,2106.9282000000003,3112.242119999999,24962.22124452783,57758.07120000002,98918.59369999988,221623.6591,55.59969507896408,87.289,95.925,106.096,4,0,1594,"OVERLOADED",0.6855839440290408
"pd-1p3d-thresh16","1.0","123",1.8735859911613508,741.7005715837315,1729,4261.750691108546,16020.151800000005,19741.9659,23393.66094,26013.219191685912,59379.275,96027.22174999992,177837.55716000052,54.20038677581606,81.842,90.268,102.282,3,0,1732,"OVERLOADED",0.9471907490568304
"pd-1p3d-thresh16","1.0","777",1.773630752726751,682.9110381369652,1740,9621.009548850576,30732.844700000012,34429.63585,36632.15955999999,28060.966812068964,55820.3545,81363.37375,158906.18790999963,48.339873488152136,68.187,74.764,84.467,0,0,1740,"OVERLOADED",0.916794664971254
"pd-1p3d-thresh16","1.5","42",1.947163723096056,814.9255460508912,1816,1098.5468746579093,2324.6754,3428.329599999998,5373.49196,28174.75993103448,67498.9008,108714.01589999985,231165.92526000002,63.62307110911813,87.993,93.671,105.09171999999998,5,0,1821,"STABLE",0
"pd-1p3d-thresh16","1.5","123",2.095510038325343,836.3195424729764,2115,8694.668776991986,24520.386,25499.79,26609.808600000004,33261.416825553984,74086.006,107951.874,203506.14100000076,60.4940267998285,90.392,95.48,103.54,5,0,2120,"STABLE",0
"pd-1p3d-thresh16","1.5","777",1.9007476621230737,748.631963499019,2070,14195.836384057971,44584.5402,48846.474599999994,53236.02325,35637.93175893719,69321.11510000005,95524.59309999991,197678.06215999983,54.92119983178066,79.421,85.738,93.306,0,0,2070,"STABLE",0
"pd-1p3d-thresh16","2.2","42",2.094013552833441,855.2368294806444,2029,1385.8675934012615,3468.019,4340.494,6387.285600000021,31771.044326540516,77258.491,126242.463,248865.15900000028,71.44656477732549,94.97,99.388,106.677,13,0,2042,"STABLE",0
"pd-1p3d-thresh16","2.2","123",2.143693837139606,838.0031070563512,2319,9204.893269394714,26316.446,27934.490250000003,31254.91940000001,36994.04289769821,79689.93400000001,119017.5645,262323.3939500003,67.91026800182259,97.108,101.254,107.057,14,0,2333,"OVERLOADED",0.9489618017005403
"pd-1p3d-thresh16","2.2","777",2.13232939349535,806.2023228233287,2287,10718.356050927923,39648.462400000004,41691.783599999995,43848.64776,35668.663368580055,71042.75860000003,104237.82479999999,210434.93828000012,64.99817196316302,99.435,103.383,107.782,7,0,2294,"STABLE",0
"pd-1p3d-thresh16","3.0","42",2.152826625306458,871.3971826771954,2293,7846.042843280377,23066.731200000013,25133.0254,28014.123319999988,38030.08655045084,84869.7286,136974.55079999965,247942.92467999915,71.81536099140025,100.62,104.237,107.908,14,0,2307,"STABLE",0
"pd-1p3d-thresh16","3.0","123",2.2187192654195598,867.5846227860516,2443,10919.433400966183,33018.6583,35339.26164999999,38680.3602,39348.64465378421,84185.67710000009,122899.4568,236038.42988000062,69.84847062157209,99.655,103.385,107.712,15,1,2458,"OVERLOADED",0.9210044340871362
"pd-1p3d-thresh16","3.0","777",2.3072000207160483,868.2668264692734,2442,11199.2675276664,40564.033800000005,42100.318549999996,44891.68975,38129.892752606254,76182.25620000006,114231.72565000001,219559.60077000063,70.10323296827029,103.305,105.683,108.341,11,0,2453,"OVERLOADED",0.7529926805152395
"pd-2p2d-thresh16","0.2","42",0.6740312882445149,289.0240992396918,782,532.3274620253164,658.8074,868.8284499999996,1210.366850000001,32536.942235443035,86939.58630000001,130552.83235,258962.10303000003,74.16364948182424,101.805,104.441,107.224,2,0,784,"OVERLOADED",0.6607031030406355
"pd-2p2d-thresh16","0.2","123",0.7348839603040886,290.70852456752516,813,513.2213042424243,617.7176000000001,838.4506,1269.4471599999997,30402.118335757576,74546.6494,116973.13099999996,284724.2849999999,72.59373775939301,100.294,103.353,108.892,5,0,818,"STABLE",0
"pd-2p2d-thresh16","0.2","777",0.7579438162022819,275.8446375264822,824,517.0781140456182,636.1632,838.2886,1249.172119999999,25680.098218487394,59066.14740000002,85664.76920000001,238418.96787999952,67.48908875781196,95.098,99.897,107.519,3,1,827,"OVERLOADED",0.6599458042122279
"pd-2p2d-thresh16","0.4","42",0.7752845540708563,324.56706392760844,800,512.7483441636583,632.206,867.1875,1198.8461000000027,32702.772815884477,80053.553,132219.34900000002,276556.1791000001,75.07244179232238,103.684,106.277,109.32,6,0,806,"STABLE",0
"pd-2p2d-thresh16","0.4","123",0.8477079328381247,330.9539694410886,887,509.3865130151844,629.7378,874.97295,1174.4102599999999,31340.667988069414,78142.7114,126874.12964999978,231542.4934199997,78.38174720257551,104.462,106.383,109.345,5,1,892,"OVERLOADED",0.6730824791894484
"pd-2p2d-thresh16","0.4","777",0.8265895099018368,310.6452623245323,857,504.0418566591422,636.1395,816.661,1117.6598499999998,29438.603748306996,69700.9755,110981.985,263296.95114999963,76.51513747404402,103.154,105.715,109.111,4,0,861,"OVERLOADED",0.8961053248994565
"pd-2p2d-thresh16","0.7","42",0.7744617702729125,316.0550150516551,820,508.39445464982776,635.203,851.8349999999999,1197.502699999999,35352.53444202067,85631.813,163676.1685,300000,82.36991567286464,106.071,107.753,109.19,10,0,830,"OVERLOADED",0.6840694588981463
"pd-2p2d-thresh16","0.7","123",0.8980248699848453,335.2926524042637,897,498.06759365079364,610.9358,862.553,1164.71952,30284.193365079365,72131.39860000001,110135.53319999996,262467.4965199997,80.1785871687629,106.03179999999999,107.606,109.619,5,3,902,"STABLE",0
"pd-2p2d-thresh16","0.7","777",0.8998820358880407,326.67369062434756,872,510.68790476190475,627.1413,869.2569499999998,1280.3356199999994,31090.710689393938,70805.77520000002,116636.32154999982,259855.63613,83.32028183920426,105.45620000000007,107.078,109.35,7,1,879,"STABLE",0
"pd-2p2d-thresh16","1.0","42",0.7852448634961575,307.9331012500861,818,510.93105436013593,633.8206000000001,886.8547,1291.1249199999952,34728.13831596829,81451.7822,151419.95809999987,300000,83.63813777347168,105.606,107.511,108.982,12,0,830,"OVERLOADED",0.7470213005624741
"pd-2p2d-thresh16","1.0","123",0.9161281991223703,327.6284193319308,891,501.4446590673575,646.5644000000002,879.9201999999998,1323.1157600000006,30731.77772642487,77308.70100000003,116647.31999999989,271290.85396000004,83.79918217094517,106.111,107.784,109.543,9,1,900,"OVERLOADED",0.7427312056389451
"pd-2p2d-thresh16","1.0","777",0.845741668710687,303.87392077432276,877,502.84332840549104,632.8138,862.6973999999999,1413.71476,30631.62373495248,75508.80979999999,112482.33769999984,289849.8622199993,82.698564978296,105.922,107.759,109.335,9,0,886,"OVERLOADED",0.4598036614667341
"pd-2p2d-thresh16","1.5","42",0.7563654582417438,313.803889425787,810,512.5427488839285,625.0245,931.64675,1705.825099999998,35252.54873883929,90506.34850000001,139883.29700000002,300000,83.44589085626673,106.943,108.241,109.415,11,0,821,"STABLE",0
"pd-2p2d-thresh16","1.5","123",0.9146394023704535,342.3263679103767,932,499.4608346303502,650.5866000000003,901.39815,1335.0196900000003,29609.15483463035,76884.37180000002,113382.2849,258663.23542000007,80.45892725615997,106.747,107.964,109.48,7,0,939,"STABLE",0
"pd-2p2d-thresh16","1.5","777",0.927357033108265,336.9042838680257,881,493.409833161689,627.984,875.8784999999999,1329.6554999999987,28712.60574562307,67631.537,112101.391,290914.2755,78.70616168831576,106.254,108.336,117.361,8,4,889,"STABLE",0
"pd-2p2d-thresh16","2.2","42",0.7947062907118821,318.4139516491082,812,545.3156648590023,640.8308999999999,1022.8350499999988,2742.729049999995,32902.670704989156,87594.9311,129380.5033999999,297056.1765299995,83.02661926903747,105.589,107.672,122.58,10,7,822,"STABLE",0
"pd-2p2d-thresh16","2.2","123",0.8761053778410667,320.58914483629036,924,502.6103874643875,651.1742,957.0375999999999,1659.4133200000022,29269.066404558405,75301.65360000002,107699.23139999995,246607.21540000034,83.19677403311476,106.592,108.089,109.298,8,1,932,"STABLE",0
"pd-2p2d-thresh16","2.2","777",0.9467388218388076,338.52983735108006,877,489.796639800995,632.8380000000001,912.3023999999994,1393.0643200000006,30843.851982089553,76344.57300000002,130467.73899999993,299594.73024000035,87.51704844651377,106.984,108.297,109.552,11,0,888,"STABLE",0
"pd-2p2d-thresh16","3.0","42",0.8464996599682908,343.92153150250334,893,650.5431736585366,747.2604000000005,2186.4617999999928,5065.710399999999,32359.443534634145,81958.2964,136993.92719999992,253897.38011999978,85.10460535310192,106.556,108.375,119.671,6,8,899,"OVERLOADED",0.6729241694495971
"pd-2p2d-thresh16","3.0","123",0.9481628639492887,351.1885375118266,932,529.1771953488371,724.1388000000001,1163.8010999999995,2304.52354,28992.387070697674,73424.10700000002,109717.9897999999,255214.38425999993,84.14951526127749,106.682,108.191,109.582,6,0,938,"STABLE",0
"pd-2p2d-thresh16","3.0","777",0.9078479628451709,333.25299658800265,873,509.332375,660.5461,1089.4572499999997,1951.6602599999997,29781.47923144531,73505.46250000005,132069.98944999996,278224.1316899997,85.61862641275643,107.189,108.823,116.657,9,8,882,"STABLE",0
"pd-3p1d-thresh16","0.2","42",0.6646281791428578,282.82577283910786,778,602.7641294416244,871.4536000000002,965.7175499999998,1168.4264,33055.200529187816,88482.31140000006,129530.18494999997,263973.02195,75.08571335666622,99.829,102.66,106.346,3,0,781,"STABLE",0
"pd-3p1d-thresh16","0.2","123",0.7281272099998619,293.597173313575,796,589.3451090458489,868.9928,963.4403999999998,1218.1220999999978,29638.80420198265,73138.18519999998,115438.13789999993,259710.25253999914,71.73607367046779,101.499,104.611,107.299,2,0,798,"STABLE",0
"pd-3p1d-thresh16","0.2","777",0.7255536336546995,264.32337112977393,798,587.301212345679,856.0038,926.5297499999998,1203.1426499999993,27580.953311111112,64379.3836,100636.21514999993,247916.3187299996,71.70584390068916,98.52,104.002,107.702,4,0,802,"OVERLOADED",0.7814450665924778
"pd-3p1d-thresh16","0.4","42",0.7638264615375663,307.28758233905296,776,592.1435068153655,873.4444,936.0765999999998,1192.9621199999983,33590.35474349442,79154.23599999998,139165.36609999978,276761.3972799999,80.1653185553404,104.326,106.59,109.069,6,0,782,"OVERLOADED",0.49942059114143045
"pd-3p1d-thresh16","0.4","123",0.8336791309919517,310.6329490755381,853,576.9939505061867,866.8914000000002,940.7823999999999,1089.6487200000001,31799.963662542184,77441.10340000002,120778.65299999999,256850.72624000002,81.4121709987097,103.818,106.84,109.105,7,0,860,"OVERLOADED",0.7370377838341723
"pd-3p1d-thresh16","0.4","777",0.7977140377257392,293.7145847184509,814,578.4370130177515,853.4606000000001,929.201,1155.031119999998,29702.693814201182,70361.0948,105570.03,266598.98335999926,77.77336164966526,102.987,105.93,108.275,5,0,819,"OVERLOADED",0.8536550319163438
"pd-3p1d-thresh16","0.7","42",0.7614283715678682,322.7305088266939,840,586.5824481981982,873.3106,947.75685,1156.77254,37348.30754279279,94118.21450000003,161052.25244999994,295550.38315,86.40796683774737,105.956,107.824,109.127,7,1,847,"OVERLOADED",0.7276389002754214
"pd-3p1d-thresh16","0.7","123",0.8811526354939085,331.04274382906317,853,565.986373200443,864.7892000000003,931.1922999999999,1111.9054000000008,31788.090055370987,77419.76140000006,132008.43169999993,257331.1236000001,83.0416266891522,105.794,107.448,109.062,6,0,859,"STABLE",0
"pd-3p1d-thresh16","0.7","777",0.8318231832277828,299.88486093517974,858,576.678078366446,857.6524999999999,932.066,1147.0654000000031,31334.228342163355,78859.1555,117741.7775,253671.56910000026,85.00119358823072,105.862,107.378,109.309,6,0,864,"STABLE",0
"pd-3p1d-thresh16","1.0","42",0.7783026703625531,300.53408318448083,805,578.9043168771526,871.602,956.825,1139.435099999999,33721.17911366246,78433.649,134517.8395,300000,82.94511160567414,105.348,107.481,109.216,11,0,816,"STABLE",0
"pd-3p1d-thresh16","1.0","123",0.8612525382971826,316.93491134834017,858,558.856402792696,857.697,926.8895,1049.9769999999999,32676.580100966705,82547.913,128792.31450000001,274302.77260000026,86.88837038236788,105.626,107.621,109.132,9,0,867,"STABLE",0
"pd-3p1d-thresh16","1.0","777",0.8390028864473337,315.37391042405176,865,561.687249733191,854.309,923.6729999999999,1049.8401999999999,31944.58987833511,80924.4114,117011.7555999999,272602.5000799999,84.65419763415062,106.702,108.009,109.625,7,2,872,"STABLE",0
"pd-3p1d-thresh16","1.5","42",0.7279175945402309,298.5142787833218,770,561.6164608187134,873.9042000000001,950.7058999999998,1125.11294,36176.16934269006,99286.65380000006,142546.96539999996,300000,84.73511213579596,105.7,107.945,109.521,13,1,783,"STABLE",0
"pd-3p1d-thresh16","1.5","123",0.8005627947380611,300.45221416878917,883,552.6493916581892,854.0300000000003,922.0913,1140.2744599999987,30232.943591047813,75122.19140000005,119665.05149999994,276050.25879999914,81.4918102254711,106.499,108.011,109.085,8,0,891,"STABLE",0
"pd-3p1d-thresh16","1.5","777",0.9121644864422054,328.92362133024153,883,556.9929434737924,842.2032,908.5065999999998,1087.473199999999,29703.570418293937,69878.2994,120424.6642,271779.8747999997,83.17486821783551,106.615,108.166,109.603,7,1,890,"STABLE",0
"pd-3p1d-thresh16","2.2","42",0.800980825415101,321.03868519662115,834,564.292112407211,844.5242000000002,943.6143,1175.7861000000025,34345.45330752916,85717.86420000001,137108.68559999997,279462.5976800005,88.72898764091782,105.983,107.999,109.673,8,3,842,"OVERLOADED",0.796834296499873
"pd-3p1d-thresh16","2.2","123",0.8725412323706537,322.68085935817976,843,538.3388194871795,855.1604000000001,932.0424999999998,1154.2644199999995,30962.36835076923,80584.97020000003,123810.54819999987,300000,85.28517155603014,106.386,107.928,109.58,11,1,854,"STABLE",0
"pd-3p1d-thresh16","2.2","777",0.8549453292945622,315.19551767260543,854,540.6065938775511,844.7969999999999,935.91485,1077.28509,30996.15957755102,74016.8184,117793.27694999997,278756.77354,87.84208436493807,106.428,108.102,122.516,8,5,862,"STABLE",0
"pd-3p1d-thresh16","3.0","42",0.8397100380789064,311.7514789198166,851,543.8080222897669,878.7114,956.7952,1291.7789399999997,31948.70190678825,80169.1588,132028.54929999984,300000,88.23767572328082,106.888,108.513,116.351,11,5,862,"STABLE",0
"pd-3p1d-thresh16","3.0","123",0.870726310684787,313.5923324481291,865,530.1525673267327,838.7606000000001,926.6379999999999,1140.850569999999,29400.126683168317,72419.98280000003,111505.40779999999,269725.4374299995,85.65739063621587,106.82,108.272,109.626,9,2,874,"STABLE",0
"pd-3p1d-thresh16","3.0","777",0.902818913440446,334.28893095528196,848,527.8543343283582,827.3134,903.7198,1105.5297200000002,29749.43367363184,75844.03780000002,119339.07019999994,257368.08640000023,87.57904927141914,107.221,108.579,109.418,7,0,855,"STABLE",0
