arm,chat_rate,code_rate,seed,throughput_rps,tokens_per_sec,completed,ttft_mean_ms,ttft_p90_ms,ttft_p95_ms,ttft_p99_ms,e2e_mean_ms,e2e_p90_ms,e2e_p95_ms,e2e_p99_ms,itl_mean_ms,itl_p90_ms,itl_p95_ms,itl_p99_ms,timeouts,preemptions,disagg_count,sat_level,sat_score
"agg-4xtp4","50","0.5","42",22.135240653236288,4939.892320721636,664,108.95552023498695,138.98030000000006,154.35275000000001,723.5882400000004,10698.232293674699,19295.8089,21358.7572,24028.104890000002,47.72037935195228,65.862,68.392,71.527,0,0,0,"OVERLOADED",0.8031383260572904
"agg-4xtp4","50","0.5","123",20.449131650809026,4634.580522425608,613,99.48009334248455,132.49400000000003,144.31199999999998,550.7640799999999,10117.627913539967,18035.5072,19815.6076,23862.04104,44.44651889500206,59.757,63.55,68.953,0,0,0,"OVERLOADED",0.73008408661246
"agg-4xtp4","50","0.5","777",21.344398269396187,4431.1637819712405,640,107.25494393139842,137.49099999999999,149.38049999999998,646.8582999999992,9748.9223,18056.493400000003,20746.803299999996,23545.734800000002,46.73549948572898,65.723,68.253,73.688,0,0,0,"OVERLOADED",0.8678688166017196
"agg-4xtp4","50","1","42",21.237081678249545,4650.187424747134,637,111.86814618369986,147.0755,163.6585,666.6453999999987,10656.907557299843,19399.4402,21324.5988,25361.092399999998,48.46615902739765,67.908,73.498,79.445,0,0,0,"OVERLOADED",0.8524904837755629
"agg-4xtp4","50","1","123",19.7834938470832,4368.615798978084,593,103.3096786440678,141.9864,161.79500000000002,455.3945199999997,10235.177715008433,18799.4562,20580.546599999998,24277.945360000005,46.15627525047179,62.385,68.694,77.692,0,0,0,"OVERLOADED",0.7367848589558436
"agg-4xtp4","50","1","777",20.93722975179014,4281.8301819301905,628,104.43495689092096,140.379,158.42849999999999,454.6744000000003,9888.58645700637,18626.679500000006,20448.208,23869.08047,48.123577560777136,65.06,69.914,77.086,0,0,0,"OVERLOADED",0.8685291088002078
"agg-4xtp4","50","2","42",19.37008548675508,4051.981841461685,581,126.19705283259071,170.174,236.1235,770.6406999999994,10842.980975903616,20089.047,22164.208,25633.120000000003,51.60785887546814,76.875,84.326,96.634,0,0,0,"OVERLOADED",0.9540723621330721
"agg-4xtp4","50","2","123",18.40477419842707,3851.665788772274,552,111.94373253493013,160.98839999999996,183.43159999999997,472.93706000000026,10349.357672101449,18965.05360000001,21549.25319999999,24755.17264,49.22478948055111,70.56,76.603,89.224,0,0,0,"OVERLOADED",0.8466238766447005
"agg-4xtp4","50","2","777",19.439087303175075,3817.0965272387293,583,114.38047066326531,165.4415,191.6080999999997,450.03931999999924,10047.57278044597,19388.347400000002,21394.0363,26275.10103999999,50.926800475872724,74.95,82.067,92.471,0,0,0,"OVERLOADED",1
"agg-4xtp4","50","5","42",15.269361709008306,2716.7795115837944,458,309.07695263870096,455.7507999999997,1971.4348999999947,3347.3018500000003,11116.38208951965,21562.8211,23499.496499999994,26792.648390000002,62.10650200540534,101.625,106.376,116.161,0,0,0,"OVERLOADED",1
"agg-4xtp4","50","5","123",15.299512169375621,2757.920796296182,458,185.20125472972973,247.32060000000018,455.0988999999998,1789.631450000003,10614.948329694324,20657.062100000003,22901.118199999997,25937.172909999998,58.57238645830795,88.471,103.769,120.034,0,0,0,"OVERLOADED",1
"agg-4xtp4","50","5","777",15.973432480217538,2644.153308536386,479,258.2011524064171,352.1345,1155.133,3013.5050499999975,10154.966945720249,20414.4906,22749.152299999998,26477.251739999996,60.99601808100289,100.774,108.833,117.627,0,0,0,"OVERLOADED",1
"agg-4xtp4","80","0.5","42",22.935084809309938,4563.815190020011,688,1647.8573552168814,6899.657,8025.8595000000005,9131.56315,12813.735674418604,22311.362900000004,24263.8534,27393.89197,63.16151342720386,83.77,85.355,85.909,0,0,0,"OVERLOADED",1
"agg-4xtp4","80","0.5","123",21.233773580238896,4276.988676231887,637,1288.4584562462283,6366.754600000005,7795.517399999998,8934.48492,12340.355386185243,21759.076399999994,24114.1954,26692.980679999997,60.37320552988173,83.12,83.889,85.401,0,0,0,"OVERLOADED",1
"agg-4xtp4","80","0.5","777",22.96779132284844,4295.176987166472,689,1439.2442635885448,6051.769,7558.561500000001,8476.011200000003,12063.616107402033,21747.5566,23901.539800000002,26776.400800000003,63.16377518726592,85.015,86.409,87.036,0,0,0,"OVERLOADED",1
"agg-4xtp4","80","1","42",22.401710743977148,4362.633159752299,672,1671.125041322314,6868.9075,8184.728649999999,9323.74151,12741.625808035715,21875.3792,23832.750549999993,27170.841779999977,64.20700427813237,84.593,85.191,86.04,0,0,0,"OVERLOADED",1
"agg-4xtp4","80","1","123",20.56709309106342,4068.8176934868447,617,1314.6502096577017,6250.905000000001,7894.52925,9359.548100000002,12422.855038897893,21928.610999999997,24501.532999999996,26773.330360000007,61.98662978302936,86.466,86.982,87.956,0,0,0,"OVERLOADED",1
"agg-4xtp4","80","1","777",22.666868401795444,4191.1039674919775,680,1472.3555161479742,6221.252999999999,7757.176899999992,8753.46122,12158.344669117647,21883.4736,24126.664399999994,26582.460360000005,64.35215803025942,84.843,85.205,86.607,0,0,0,"OVERLOADED",1
"agg-4xtp4","80","2","42",21.234954976061672,4025.8407733737267,637,1697.9626803377564,7197.205199999999,8597.53485,9839.70286,12820.759864992151,22306.4016,23835.199,26601.323439999996,66.33832256157964,86.488,90.381,92.038,0,0,0,"OVERLOADED",1
"agg-4xtp4","80","2","123",20.233752846475685,3886.9139220153165,607,1447.6102006134968,7302.645400000002,8723.6907,9905.556780000006,12688.611324546951,22830.0128,24214.340399999997,27685.17183999998,64.90336594596458,88.721,89.21,90.518,0,0,0,"OVERLOADED",1
"agg-4xtp4","80","2","777",21.567722766158116,3862.0224436989934,647,1498.1928352306772,6762.408400000001,8150.9375999999975,9346.470319999993,12100.682276661515,22074.315,24298.922499999986,26870.926459999988,66.23732519443095,86.577,89.029,90.743,0,0,0,"OVERLOADED",1
"agg-4xtp4","80","5","42",17.934702946815037,3072.367959833199,538,1873.4298800513147,8312.618800000002,10314.040799999997,11918.617400000001,12996.255691449813,22941.738699999998,24791.69255,27960.51009,74.18704898173007,100.953,103.002,110.661,0,0,0,"OVERLOADED",1
"agg-4xtp4","80","5","123",17.433694791938684,3063.9635261771095,523,1551.0339909443726,7261.9315,9540.485250000002,10922.34925,12917.49357743786,23261.8596,25047.2312,27574.52578,72.25251873208308,98.832,102.968,105.52,0,0,0,"OVERLOADED",1
"agg-4xtp4","80","5","777",18.9009255153194,3046.182494736159,567,1715.8925774559195,7870.487899999999,9840.182349999997,10967.77565,12222.421262786596,22529.0468,23828.7779,26931.094620000018,73.8751891448455,99.378,102.098,106.749,0,0,0,"OVERLOADED",1
"agg-4xtp4","100","0.5","42",23.70312565216933,4643.745688598136,711,2773.9669641825535,10473.564,11771.958999999999,12722.225900000001,13834.82317580872,22924.797,24903.484999999997,27053.30819999999,68.1891248926636,84.304,84.656,91.602,0,0,0,"OVERLOADED",1
"agg-4xtp4","100","0.5","123",22.47379085836877,4505.861691489536,674,2446.6762634376846,10167.3566,11727.012199999996,12753.81908,13640.803462908012,22886.760599999998,25014.494700000003,27829.589939999998,66.2687980574004,85.42,86.095,86.573,0,0,0,"OVERLOADED",1
"agg-4xtp4","100","0.5","777",23.57364603747016,4390.633253485248,707,2459.403231615518,9773.950000000003,11422.609199999999,12183.89302,13089.596619519094,22574.257,24479.7085,27484.308019999986,67.99998487474518,85.842,86.353,97.469,0,0,0,"OVERLOADED",1
"agg-4xtp4","100","1","42",23.43642381642059,4549.2665632841445,703,2805.3765509849363,10595.6185,11826.286750000001,12894.84425,13932.736283072547,23023.953400000002,25045.1697,27176.65742,69.2588860021951,83.614,84.171,84.696,0,0,0,"OVERLOADED",1
"agg-4xtp4","100","1","123",22.207039631563205,4403.629283816303,666,2502.196215302491,10346.723,11945.565999999999,13378.2103,13801.039992492493,23389.241,25246.50525,27842.744500000004,67.93645228727331,85.299,85.797,86.863,0,0,0,"OVERLOADED",1
"agg-4xtp4","100","1","777",23.47361642203535,4321.41275960436,704,2529.0227212543555,9825.859,11345.884549999999,12417.92231,13251.409875,22483.896900000003,25072.883400000002,27291.521200000003,69.26286346004655,85.686,86.208,87.233,0,0,0,"OVERLOADED",1
"agg-4xtp4","100","2","42",22.569642850237184,4299.500294105449,677,2800.926374558304,10791.2838,12331.9605,13143.465269999999,13981.099215657312,23055.141399999997,24837.397399999994,27951.012000000002,71.04308372372185,86.918,87.492,97.399,0,0,0,"OVERLOADED",1
"agg-4xtp4","100","2","123",20.939971304236774,4032.7450468465167,628,2464.392566747573,10329.5194,12111.6382,13254.44516,13817.046603503184,23095.332800000004,24972.3165,28005.255400000002,70.10961629375977,89.334,90.228,97.146,0,0,0,"OVERLOADED",1
"agg-4xtp4","100","2","777",22.703987577018108,4084.35068145802,681,2527.3097439812095,10190.8462,11690.260199999995,12837.94276,13228.939889867843,22707.658,24749.676,27733.135200000008,70.89217043700955,87.038,87.595,88.554,0,0,0,"OVERLOADED",1
"agg-4xtp4","100","5","42",19.4674862478377,3386.5092387056166,584,2801.5591481942715,11757.423,13571.799,14832.779800000002,14040.452924657535,23780.149400000006,25258.404050000005,27649.250399999994,77.99564887582049,95.58,96.96,105.062,0,0,0,"OVERLOADED",1
"agg-4xtp4","100","5","123",18.705929779740178,3286.9753045048615,561,2485.764859671302,11094.281300000002,12815.227199999996,14014.38665,13885.827923351158,23398.537,25588.822,27930.74779999999,76.67650868726854,96.465,97.179,101.119,0,0,0,"OVERLOADED",1
"agg-4xtp4","100","5","777",20.339355138411314,3348.4913766802556,610,2593.273338858195,10965.259,12624.6354,13896.54668,13322.6345,22945.5102,24835.099249999996,28171.878179999996,77.72881877473326,97.444,101.608,104.69,0,0,0,"OVERLOADED",1
"agg-4xtp4","120","0.5","42",24.30027783317656,4776.054606224331,729,3586.2551284246574,13064.5267,14291.5731,15602.58804,14595.49464334705,23708.324000000004,25352.1598,27430.05048,71.07820335178286,83.863,84.404,97.898,0,0,0,"OVERLOADED",1
"agg-4xtp4","120","0.5","123",23.005087191614304,4579.579364316763,690,3360.704952130765,12658.4498,14258.188799999993,15443.562679999988,14482.010272463769,23537.456899999997,25482.0055,27780.770300000004,69.79484233940893,86.356,87.216,93.843,0,0,0,"OVERLOADED",1
"agg-4xtp4","120","0.5","777",24.20146741564097,4504.706468702219,726,3258.75053008596,12280.494000000002,13925.3342,15261.7966,13858.529125344352,23223.425499999998,25092.95875,27855.26075,71.00409858861518,84.243,84.673,96.693,0,0,0,"OVERLOADED",1
"agg-4xtp4","120","1","42",24.166942975381353,4729.2540711382135,725,3657.746052631579,13094.6464,14391.17145,15341.36111,14738.881113103447,23822.112800000003,25530.219999999994,27733.54396,72.04208498699974,83.45,83.869,84.405,0,0,0,"OVERLOADED",1
"agg-4xtp4","120","1","123",22.638339424791468,4429.579527686222,679,3287.080168922896,12396.4006,14282.5772,15640.23886,14453.225222385861,23156.732200000002,25404.0584,28277.6084,70.99364618434093,84.911,85.209,86.00554000000001,0,0,0,"OVERLOADED",1
"agg-4xtp4","120","1","777",23.869996531182768,4385.311750989263,716,3296.6245477560415,12199.4466,14194.2744,15142.33671,13902.543805865922,22900.639,25243.337249999997,27556.226650000004,72.1401718708198,85.911,86.12,86.769,0,0,0,"OVERLOADED",1
"agg-4xtp4","120","2","42",23.633603544200522,4565.085527477864,709,3667.8070220034742,13359.954,14891.71059999999,15898.63406,14926.432031029619,24205.249400000004,25939.145800000002,28407.651679999995,73.9685562895436,86.135,86.701,87.817,0,0,0,"OVERLOADED",1
"agg-4xtp4","120","2","123",21.871503185070992,4207.697128758406,656,3304.1983553965415,12722.154400000009,14652.0946,15885.25404,14569.507902439025,23566.507999999998,25473.3435,28111.42425,73.08878806343442,86.77860000000013,87.927,92.032,0,0,0,"OVERLOADED",1
"agg-4xtp4","120","2","777",23.403264755433383,4237.39111606069,702,3280.6113488102146,12433.3702,14275.959799999999,15688.15682,13974.634138176638,23352.154799999997,25242.814349999997,27849.637000000002,73.63626362715779,86.515,87.67,88.258,0,0,0,"OVERLOADED",1
"agg-4xtp4","120","5","42",20.633569243808356,3654.7084521666366,619,3541.4707963414635,13872.093200000001,15818.98005,16900.59893,14806.470975767366,24355.4304,25758.6407,27912.59898000001,79.78784262664992,94.036,94.466,103.335,0,0,0,"OVERLOADED",1
"agg-4xtp4","120","5","123",19.8004738913418,3530.2178232132355,594,3246.3304417596037,13328.925700000002,15022.4925,16544.296749999998,14645.319621212122,23866.1189,25353.4876,27153.230430000003,79.12648009685691,93.473,94.486,100.947,0,0,0,"OVERLOADED",1
"agg-4xtp4","120","5","777",21.302971764561157,3587.4337803456915,639,3280.502599517491,13094.339399999999,14878.2565,16219.552490000002,14054.03876056338,23894.675000000003,25611.953,27594.482200000002,79.3558791238583,93.365,94.165,103.983,0,0,0,"OVERLOADED",1
"agg-4xtp4","150","0.5","42",25.267509759242298,5008.433781407172,758,4456.34953322072,15288.755000000001,16948.933,18061.50675,15416.939407651715,24450.5366,25945.2852,28531.038899999996,73.4881000668941,83.097,83.606,97.256,0,0,0,"OVERLOADED",1
"agg-4xtp4","150","0.5","123",23.7333388711124,4722.10110182359,712,4191.236227745665,15081.445800000003,16772.920749999997,18315.38639,15239.939699438202,23790.7308,25966.37505,27906.20523,72.73167839178154,84.293,85.563,96.326,0,0,0,"OVERLOADED",1
"agg-4xtp4","150","0.5","777",24.800905233041007,4678.004080482271,744,4048.3483930602956,14504.416099999999,16376.9531,17796.891660000005,14634.895938172041,24120.149,25725.83,28233.81016,73.24333598870987,83.599,84.074,84.642,0,0,0,"OVERLOADED",1
"agg-4xtp4","150","1","42",24.96749974890829,4919.7974905762685,749,4549.606551101073,15489.203,16955.4185,18117.0321,15526.05352069426,24562.5384,25937.564599999998,28176.096199999993,74.46905815172977,84.256,84.46,84.951,0,0,0,"OVERLOADED",1
"agg-4xtp4","150","1","123",23.26667209555682,4595.70107233025,698,4206.551055296857,15261.925299999999,16851.0307,18259.32866,15351.38700573066,23802.8097,25665.9214,28735.81073,73.82741920786161,84.927,85.339,86.804,0,0,0,"OVERLOADED",1
"agg-4xtp4","150","1","777",24.501032310161335,4539.957950228303,735,4177.25444324016,14516.994599999998,16642.436599999997,18135.98284,14796.871904761905,24020.671,25925.90229999999,28712.18726,74.87925562905107,85.394,85.831,91.336,0,0,0,"OVERLOADED",1
"agg-4xtp4","150","2","42",24.400814173832934,4761.225532891947,732,4509.7876,15595.9323,17235.7509,18299.79685,15630.321206284152,24656.9251,26189.1423,28899.95492999997,75.82591204785362,85.19,85.721,88.179,0,0,0,"OVERLOADED",1
"agg-4xtp4","150","2","123",22.633338614445677,4370.46768644246,679,4143.3505383254715,15339.6445,16837.578,18388.33205,15379.635649484535,24055.0182,25520.657000000003,28478.299980000003,75.63056196573005,87.426,87.948,88.715,0,0,0,"OVERLOADED",1
"agg-4xtp4","150","2","777",24.101015456117885,4397.6186196645085,723,4107.46837794371,14907.098,16665.724,18109.928399999997,14722.139370677733,23669.0734,25825.1381,27883.81426,75.8771015015244,88.767,91.76,93.218,0,0,0,"OVERLOADED",1
"agg-4xtp4","150","5","42",21.90073075438284,4016.0340016678556,657,4296.336583333333,15894.5624,17701.6433,19052.296290000002,15421.077176560122,24591.9992,26300.933799999995,27920.183359999995,79.69804368218995,94.238,94.776,99.378,0,0,0,"OVERLOADED",1
"agg-4xtp4","150","5","123",21.300004970001158,3925.5009159502138,639,4167.1653960217,15646.5384,17530.213499999998,18936.049880000002,15585.930153364632,24184.049400000004,26087.5498,28301.92028,80.5954384252856,93.4145,95.709,100.057,0,0,0,"OVERLOADED",1
"agg-4xtp4","150","5","777",22.267604875085404,3826.827903682342,668,4081.809745712596,15395.921,17093.789,18424.600599999994,14766.79099251497,24211.682600000004,25785.1627,27578.15514,80.77446003750043,92.713,93.093,100.211,0,0,0,"OVERLOADED",1
"pd-thresh16","50","0.5","42",16.469573546397605,3355.058834550965,494,132.97811111111113,154.572,239.46549999999908,526.14388,11454.555650505052,20575.8358,22786.970599999993,25969.75816,56.258134052326746,82.794,82.995,83.857,0,0,1531,"OVERLOADED",1
"pd-thresh16","50","0.5","123",15.806571845687708,3270.7932201278218,474,127.13895991561182,145.6742,157.89045000000002,461.11938999999916,11019.57616877637,20020.7095,22444.60639999999,25768.886299999987,53.3580005942075,77.882,83.972,86.485,0,0,1457,"OVERLOADED",1
"pd-thresh16","50","0.5","777",17.100155041405706,3293.2298586173847,513,134.49595321637426,155.4814,234.86619999999985,539.2026799999999,10957.576660818713,20406.424,23504.461,27014.891319999995,56.73468033128822,82.935,84.965,86.325,0,0,1515,"OVERLOADED",1
"pd-thresh16","50","1","42",15.968217180554898,3211.0117892447356,479,125.13766533864542,153.20159999999998,159.7054,495.9917100000002,11029.943169322709,20774.804200000002,22968.767649999998,26535.277000000002,57.43603314830659,86.333,86.587,87.477,0,0,1523,"OVERLOADED",0.9403637450051313
"pd-thresh16","50","1","123",15.26845663873328,3073.3936375141043,458,126.8425111561866,154.8338,248.15099999999978,492.5463599999998,10361.092346855983,20228.820000000003,22121.9764,25879.010679999996,55.4914124142893,83.874,87.649,89.458,0,0,1440,"BACKLOGGED",0.6657627118644067
"pd-thresh16","50","1","777",16.504280660260584,3089.234577808331,495,141.56519961240312,158.26450000000003,364.71875,584.9451000000001,10545.16861627907,20311.0555,22971.98975,25612.712250000004,58.4940404305649,83.935,85.327,86.632,0,0,1510,"BACKLOGGED",0.6634050880626223
"pd-thresh16","50","2","42",14.369202830966332,2743.2508504417697,431,105.72591332263242,152.83440000000002,164.5111,497.98203999999964,7861.051951845907,19712.1708,22064.192,26342.176719999985,59.24875548551043,88.954,91.583,94.787,0,18,1392,"BACKLOGGED",0.6069400630914826
"pd-thresh16","50","2","123",14.40852792739596,2754.530314675579,432,120.12948294434472,163.8308,339.9814,489.60487999999845,8839.631628366249,20538.000200000006,22564.605199999998,26223.29347999999,59.61389205769582,90.723,92.729,96.607,0,7,1379,"BACKLOGGED",0.6299003322259136
"pd-thresh16","50","2","777",14.737155660273087,2634.8834009247535,442,119.6137881773399,162.69540000000003,337.1226000000003,536.7078399999996,7838.750947454843,19463.595200000007,21865.7968,26423.98344,60.248791293393055,90.257,92.458,101.592,0,30,1399,"BACKLOGGED",0.6116071428571428
"pd-thresh16","50","5","42",11.301994802082568,1889.0667536153464,339,97.54100257400258,172.0281999999999,353.3659999999999,540.0587600000001,5134.432996138997,17898.219,21884.267799999994,26678.122400000004,70.4631330717469,107.6968,115.38,118.816,0,100,1225,"BACKLOGGED",0.5327720986169573
"pd-thresh16","50","5","123",12.31841726565388,2052.6355620955555,369,103.24935597826087,171.327,340.0215,449.41490000000005,5896.712635869565,19208.368000000002,22128.689,26035.0857,70.60105731535718,101.617,108.984,118.082,0,19,1245,"BACKLOGGED",0.543424317617866
"pd-thresh16","50","5","777",12.136481131989601,1843.178058949223,364,99.99043574051407,171.2066,349.33839999999975,470.6580800000001,4817.831636474908,17164.5766,20057.217800000002,25182.18356000005,71.14183473241437,110.581,117.127,121.34939999999936,0,79,1216,"BACKLOGGED",0.5107784431137725
"pd-thresh16","80","0.5","42",16.866692528928546,3269.6383467787987,506,70.70604290171606,140.22140000000002,152.9506,225.11554,5472.564455538221,19296.5917,22594.457150000002,26641.58305,69.74285825399916,92.89,93.751,94.226,0,157,1628,"BACKLOGGED",0.4667221297836939
"pd-thresh16","80","0.5","123",16.30033796034038,3196.4329393762764,489,72.18539502332816,137.7865,154.78375000000003,418.1900500000019,5155.0438437014,18945.748,21884.62725,26235.05310000001,68.04486181631412,92.056,96.802,98.672,0,145,1602,"BACKLOGGED",0.46438983756768015
"pd-thresh16","80","0.5","777",17.000832474096814,3102.818601350846,510,75.10202607361964,143.2994,155.6537,418.3635600000003,5104.614073619632,18099.068600000002,21577.26695,26061.659770000006,69.51617828670194,93.749,94.636,95.573,0,149,1623,"OVERLOADED",0.4611570247933884
"pd-thresh16","80","1","42",16.36791662989997,3141.0398707447957,491,72.87296932515338,144.00300000000001,154.6135,407.00089000000037,5203.573730061349,19001.0468,22344.691749999998,26917.766040000006,70.32452552462847,92.846,93.921,95.875,0,157,1604,"BACKLOGGED",0.46048820852296235
"pd-thresh16","80","1","123",15.900329666835093,3055.0633416466167,477,71.54815064345192,138.601,154.585,408.43819999999977,4876.8245336866,18463.19,21551.536,26327.676599999988,69.10896015267679,91.34,95.249,100.233,0,138,1573,"BACKLOGGED",0.4534546959040132
"pd-thresh16","80","1","777",16.834157645919394,3017.881108911633,505,76.2486463963964,149.4441,160.90145,443.26676000000214,4989.40672972973,18297.94340000001,21797.9875,25529.565870000002,71.18778591977961,93.172,96.202,99.086,0,128,1606,"BACKLOGGED",0.4527526705012326
"pd-thresh16","80","2","42",15.801206685483882,2935.290825042672,474,72.41154716981133,144.7531,158.66279999999998,423.75345000000016,4759.11558563135,18446.5257,21915.182399999994,26213.412920000006,72.21557400260339,95.49,96.362,98.45,0,173,1549,"OVERLOADED",0.8230662773647834
"pd-thresh16","80","2","123",15.300317226577164,2888.05987910816,459,71.68020279206466,140.127,157.657,418.64020000000073,4652.995143277002,18447.966,21638.105,26583.525600000004,72.25569248442233,97.989,100.519,103.712,0,158,1542,"BACKLOGGED",0.4438087454025337
"pd-thresh16","80","2","777",16.200793298845202,2900.3420200809164,486,77.221174291939,148.63140000000004,159.5372,504.97692000000006,4733.329509803922,18237.419200000008,22194.800600000002,26462.989000000005,73.33308452380952,95.521,96.78,102.653,0,181,1574,"OVERLOADED",0.6669867913678044
"pd-thresh16","80","5","42",13.46769514965293,2325.377581334628,404,71.86849470198675,151.15930000000006,172.40159999999997,441.96556000000004,3757.8675278145693,17810.16750000002,21191.66655,26390.145280000004,80.07336343580575,105.369,110.252,113.121,0,241,1427,"OVERLOADED",1
"pd-thresh16","80","5","123",13.100271612298094,2210.2791597879127,393,70.29993224755701,141.0134000000001,168.34,417.0041600000006,3528.071229315961,16904.6216,21097.3527,26268.279240000007,80.4650929544558,105.655,107.608,112.334,0,172,1409,"OVERLOADED",0.9075681618937742
"pd-thresh16","80","5","777",14.500710051435519,2370.316066476722,435,74.99290298034242,148.51780000000008,173.55339999999995,456.9116400000002,3733.0899150285354,17242.143400000004,21003.59419999999,26386.11596,81.24282561446704,106.134,107.6935,113.151,0,173,1425,"BACKLOGGED",0.3861424678863371
"pd-thresh16","100","0.5","42",17.36895705313674,3454.722229371313,521,61.93190142387733,129.5905,149.7115,304.262,4301.847280394304,19083.9895,22541.519500000002,26758.1875,73.42668477406966,92.772,94.274,97.377,0,273,1683,"OVERLOADED",1
"pd-thresh16","100","0.5","123",16.769969232607544,3284.8802357477603,503,62.68663879957127,132.4935,151.12224999999998,364.6128499999999,3944.551408896034,17868.5745,21631.396999999997,26708.270749999992,72.89343759691505,94.387,95.445,96.736,0,259,1654,"OVERLOADED",1
"pd-thresh16","100","0.5","777",17.334864001824695,3217.150741077104,520,63.761792976939205,136.0623,152.04585,388.2660800000007,3859.0878742138366,17926.0372,21817.549499999997,26002.28481,73.59813799929157,92.938,93.882,97.546,0,231,1646,"OVERLOADED",1
"pd-thresh16","100","1","42",16.96890429951363,3288.767012076659,509,65.1879898013956,140.7762,155.27559999999997,451.4555199999999,4075.9788899624264,18796.2912,22143.740399999995,26172.022999999997,74.7626699136956,93.187,93.63,94.762,0,223,1649,"OVERLOADED",1
"pd-thresh16","100","1","123",16.23848093178871,3117.1214608364185,487,62.12149141072358,133.858,152.663,352.57719999999983,3686.7562670484126,17531.321,21225.479,25720.09519999999,73.88037281847802,94.028,95.185,96.527,0,197,1601,"OVERLOADED",0.9111967406613739
"pd-thresh16","100","1","777",17.101510063338594,3138.87716285348,513,65.00001262493424,136.014,155.85,427.544,3873.3507659126776,17888.821,21812.073,26665.551,75.4391810240803,94.668,96.098,97.295,0,235,1658,"OVERLOADED",1
"pd-thresh16","100","2","42",16.335487439610368,3080.77291792211,490,62.043119047619044,136.43580000000003,153.45004999999998,364.7261600000003,3792.804197722567,18201.96830000001,21992.69894999999,25870.774790000003,76.83211731813188,96.131,96.924,98.051,0,225,1596,"OVERLOADED",1
"pd-thresh16","100","2","123",15.404883348021322,2861.5404416533374,462,60.93457092018302,131.864,153.12089999999998,371.8540999999998,3442.3835988815454,17383.687600000005,21409.813899999986,25982.617319999998,76.81317509987464,96.377,98.338,98.894,0,215,1559,"OVERLOADED",1
"pd-thresh16","100","2","777",16.501457078660046,2977.929617851923,495,65.86196281202241,140.7804,157.75009999999997,479.6708399999988,3610.701076923077,16992.789999999997,21625.015999999996,26274.422799999993,76.89612909326279,94.967,95.861,96.428,0,246,1613,"OVERLOADED",1
"pd-thresh16","100","5","42",14.435236859900591,2644.4820523666385,433,63.59325600784698,135.21920000000003,160.2548,437.0639799999999,3191.09018440412,17012.8014,21432.362899999996,26972.368859999995,81.2042295572372,103.391,104.795,105.822,0,365,1508,"OVERLOADED",1
"pd-thresh16","100","5","123",14.00443940729211,2447.5091937477514,420,62.296724596391265,133.8675,161.815,383.0669999999999,2960.5259990503323,15741.826500000001,20929.61,25952.7071,83.32589578252173,105.585,106.675,108.752,0,241,1480,"OVERLOADED",1
"pd-thresh16","100","5","777",14.934652063110507,2513.321926326095,448,66.67656017191977,142.4979,165.43444999999988,455.43431000000226,3072.064339063992,16346.9016,21167.807799999995,25884.68366000004,83.31010134098338,104.355,105.305,107.999,0,354,1532,"OVERLOADED",1
"pd-thresh16","120","0.5","42",17.233530370030564,3390.138760586496,517,55.922841764467826,121.484,140.3365,294.340400000021,3241.8843330635373,16889.236,21504.432,25953.084600000017,75.8923495246378,91.867,92.438,94.286,0,282,1666,"OVERLOADED",1
"pd-thresh16","120","0.5","123",16.702737578689145,3235.163576643545,501,56.10855671761867,126.38449999999999,146.8295,334.26070000000044,3058.0954030571197,16607.63,21224.88,25602.181400000012,75.63887202966708,92.314,92.814,93.644,0,261,1636,"OVERLOADED",1
"pd-thresh16","120","0.5","777",17.369089654673495,3186.244481105114,521,57.24124654286843,130.402,149.8045,370.66029999999347,3026.46121572501,16103.09,21072.3985,25579.951499999977,76.42078915973194,92.54,93.34,93.814,0,256,1660,"OVERLOADED",1
"pd-thresh16","120","1","42",17.033528083337753,3348.0716129521084,511,56.34042028397566,120.5274,149.68599999999992,352.8589600000001,3237.419724137931,17055.46779999999,21784.53079999999,26166.467600000007,76.96079006304413,93.675,94.486,97.226,0,317,1679,"OVERLOADED",1
"pd-thresh16","120","1","123",16.37028668272844,3148.6962817044273,491,56.52453849222178,125.81400000000001,150.7611,349.0612000000005,3002.2904303948944,16745.292,21343.9452,25594.43918,77.1794581102513,93.449,94.919,95.972,0,273,1623,"OVERLOADED",1
"pd-thresh16","120","1","777",17.1357237667988,3176.1430719585383,514,58.09909795436664,129.2347,151.40994999999995,403.6140700000002,3022.0072450826124,15977.297100000007,21292.064449999998,25806.52095000001,77.82229068037189,94.399,95.706,97.573,0,288,1654,"OVERLOADED",1
"pd-thresh16","120","2","42",16.700190938849733,3260.1039405217202,501,56.47814512922465,128.8532,148.17069999999993,333.7466200000002,3102.4004242544734,16635.599,21602.528099999996,25966.329240000006,77.60076436007853,94.096,94.902,98.555,0,315,1655,"OVERLOADED",1
"pd-thresh16","120","2","123",16.103561034130013,3139.1941804731086,483,56.743416072842436,128.28549999999998,150.85625,364.08525000000003,2972.934720110847,16711.895999999997,21662.63175,25958.44325,78.41227789520882,96.528,97.637,99.348,0,374,1625,"OVERLOADED",1
"pd-thresh16","120","2","777",16.63565400706732,2958.212670667558,499,59.05635196607555,133.52270000000007,155.54684999999998,409.78097000000076,2854.3727891287585,15199.544100000003,20828.803849999997,25785.877969999998,79.95262347141157,96.247,97.113,98.346,0,258,1622,"OVERLOADED",1
"pd-thresh16","120","5","42",14.766835500819226,2681.9639971217007,443,58.32701454681089,126.527,154.318,411.68899999999763,2570.3338205893324,13940.177,20607.705,26076.870399999996,83.22110484284195,99.322,101.241,103.318,0,293,1509,"OVERLOADED",1
"pd-thresh16","120","5","123",14.836614203287485,2689.7281218786848,445,58.81934855233853,129.97600000000006,158.01064999999997,382.5002700000003,2584.990358203415,14714.049000000003,21045.33065,26459.432150000022,84.33040035398672,104.096,105.621,107.308,0,258,1517,"OVERLOADED",1
"pd-thresh16","120","5","777",15.46882456769386,2686.7081291173454,464,60.9492480705623,133.953,159.729,469.2810000000032,2565.9550665196616,14003.664,20490.963,25745.36660000002,83.91941655642363,101.638,104.1,105.898,0,341,1560,"OVERLOADED",1
"pd-thresh16","150","0.5","42",17.30057726259466,3377.412693003523,519,46.77371947674418,111.85679999999996,133.99039999999994,153.65917000000002,2435.4019555232558,13242.429299999996,20959.77435,26127.353670000008,79.0034109920635,91.926,92.268,92.519,0,294,1678,"OVERLOADED",1
"pd-thresh16","150","0.5","123",17.00000396666759,3324.8007757868477,510,52.09475059311981,119.87530000000001,143.6427,357.21125999999964,2409.875287663108,13561.715100000003,20604.488449999986,25525.767949999998,78.03565989479412,91.896,92.516,93.387,0,316,1670,"OVERLOADED",1
"pd-thresh16","150","0.5","777",17.567009808924933,3283.5308049683904,527,52.5801075708857,120.706,145.056,349.16920000000397,2389.866543700672,12760.071,20616.558,25779.520200000003,78.73159201649366,92.778,93.303,93.735,0,305,1681,"OVERLOADED",1
"pd-thresh16","150","1","42",17.43391504496533,3487.7163734696614,523,50.31041618160652,111.81,139.62050000000002,255.63110000000026,2487.486030558789,13628.0875,21237.26825,25884.656100000004,78.67493034916671,93.36,94.481,96.74,0,369,1701,"OVERLOADED",1
"pd-thresh16","150","1","123",16.53333719111201,3202.5674139323964,496,52.258000882612535,118.4414,145.8493,338.3026399999998,2344.4653109738156,12933.91320000001,20572.4943,25858.62962,79.74918512047373,94.162,95.227,96.825,0,321,1646,"OVERLOADED",1
"pd-thresh16","150","1","777",17.334063675216182,3305.572608125889,520,52.54830649426976,121.11900000000003,144.0538999999999,389.14398000000017,2390.0816223920074,12594.098400000012,20895.42379999999,25932.73892,79.38434955344019,94.343,95.148,98.074,0,439,1703,"OVERLOADED",1
"pd-thresh16","150","2","42",16.933898361075315,3236.7413326024644,508,51.811992588369435,116.7094,146.45045,358.5290099999992,2339.572878278221,12554.037900000005,20768.607849999997,25886.401979999995,80.29751468563325,93.324,95.129,96.086,0,297,1649,"OVERLOADED",1
"pd-thresh16","150","2","123",16.000003733334204,3047.8673778357215,480,52.101256588473795,119.12160000000003,145.10399999999998,342.09936000000016,2226.09106342311,11048.30640000002,20266.028799999964,25799.286920000002,81.15253057522318,96.601,97.971,100.932,0,328,1607,"OVERLOADED",1
"pd-thresh16","150","2","777",16.6673689184771,3000.0930705880405,500,52.65572841984514,118.90200000000006,148.31259999999997,381.4377599999983,2207.8087820476057,10881.547800000004,19905.792099999988,25428.00146,81.50823543279813,94.81,96.173,98.377,0,292,1636,"OVERLOADED",1
"pd-thresh16","150","5","42",15.667189428553932,2939.031399014347,470,53.06820121951219,119.19210000000001,149.96869999999998,411.0272899999978,2131.161406042129,10093.2641,20460.044049999946,26037.96893,83.83314381171748,98.275,99.392,99.881,0,333,1587,"OVERLOADED",1
"pd-thresh16","150","5","123",14.966670158889704,2714.16729997237,449,54.14886331938634,119.41579999999996,148.61039999999994,367.24647999999956,2022.6919472803347,7856.410799999995,19693.5234,25815.3784,86.53919757705987,100.877,102.156,103.831,0,306,1540,"OVERLOADED",1
"pd-thresh16","150","5","777",16.26735206443365,2888.68837673694,488,55.173053377814846,124.42100000000002,153.07599999999994,426.7687599999998,2132.8114072838475,9508.8772,19716.136799999993,25934.759679999996,84.6262585268484,98.9,99.725,102.202,0,363,1607,"OVERLOADED",1
"pd-pd3","50","0.5","42",16.53625198180812,3375.7624887459306,496,127.9736387225549,154.691,234.861,524.687,11514.953252016128,20651.3295,22998.74275,26270.85755,56.303852132315725,82.796,82.988,83.964,0,0,1479,"OVERLOADED",1
"pd-pd3","50","0.5","123",15.913972467826753,3307.1036369932804,477,113.08066112266113,139.046,148.548,371.77319999999986,10997.702087682672,20141.9924,22417.434999999994,25851.891819999983,53.268920556721305,78.181,83.214,86.381,0,0,1401,"OVERLOADED",1
"pd-pd3","50","0.5","777",16.971068396106336,3270.5482712032745,509,125.89247265625,151.306,158.51805,486.26791999999966,10947.059889980354,20984.107799999998,22770.071,25836.202160000004,56.70288056198889,84.02,85.279,86.405,0,0,1467,"OVERLOADED",1
"pd-pd3","50","1","42",15.869467627702956,3169.7594625451393,476,119.65628094302555,153.93800000000002,160.10039999999998,493.34156000000024,10851.343746031745,20592.3844,22816.81715,26760.49229,57.309310475687106,86.485,87.388,89.051,0,5,1466,"BACKLOGGED",0.6742081447963801
"pd-pd3","50","1","123",15.293730452074657,3072.136452666639,458,113.57701632653063,144.1899,158.8708499999999,386.0353200000001,10398.258260245902,20510.287600000003,22091.519699999997,25884.299389999996,55.233952557814355,83.362,87.645,89.389,0,1,1391,"BACKLOGGED",0.6691525423728814
"pd-pd3","50","1","777",16.637648584787943,3118.508837242086,499,122.32896887159534,150.68429999999998,158.88825,432.5103200000002,10706.963888454013,20709.992,22925.6195,25587.9279,58.31603723449996,84.909,85.199,86.549,0,0,1470,"OVERLOADED",1
"pd-pd3","50","2","42",14.269185177850558,2734.6826714915182,428,102.19022829581994,153.3469,163.36929999999998,498.66466999999943,7943.181292682927,19950.7922,22086.561599999997,26362.73388000001,59.370199220569134,90.05260000000004,90.422,102.039,0,32,1344,"BACKLOGGED",0.61198738170347
"pd-pd3","50","2","123",14.468937325230907,2773.301890176632,434,105.72886467486819,151.057,168.3366,382.1353200000001,8740.524491166077,20506.003,22559.09475,26266.801150000007,59.55254062741686,90.735,93.785,95.357,0,7,1325,"BACKLOGGED",0.6239202657807309
"pd-pd3","50","2","777",14.836070588356884,2647.0550483230822,445,101.43628120063191,149.3076,164.1668,382.6087199999996,7585.630907936508,19329.371100000004,21417.28295,25556.795230000014,60.08773173573817,90.123,92.444,95.192,0,26,1333,"BACKLOGGED",0.5984703632887189
"pd-pd3","50","5","42",11.46869089060886,1910.2704960758908,344,85.33666583850932,164.9942,191.81559999999993,390.78148000000004,5042.502260377359,17703.847,21386.434299999997,25630.489539999977,69.84775362573305,107.402,115.01989999999998,119.125,0,54,1158,"BACKLOGGED",0.5219482862297053
"pd-pd3","50","5","123",12.14319401164392,2022.6758135164357,364,93.45551556156968,157.4136,320.82540000000006,418.87262000000004,5789.45710340136,18638.834800000004,22396.655499999993,25946.444359999998,70.06143889690875,105.859,116.953,123.169,0,60,1201,"BACKLOGGED",0.5440446650124069
"pd-pd3","50","5","777",12.567021056660463,1924.7876123440014,377,91.76398177399757,160.3632,334.1167,420.37463999999994,4995.884544117647,17190.9705,20225.58575,24544.31675,70.35690101978558,109.423,113.236,121.307,0,52,1181,"BACKLOGGED",0.5110844817255842
"pd-pd3","80","0.5","42",17.067970090649254,3352.3893441329137,512,69.79609523809523,140.009,153.015,225.22260000000003,5605.971131186174,19697.93739999999,22649.9858,26284.2358,69.36349626194378,90.723,91.998,93.579,0,164,1592,"BACKLOGGED",0.4704658901830283
"pd-pd3","80","0.5","123",16.267003935881604,3201.0330347515874,488,66.1368604832424,131.8558,148.978,163.32846000000015,5168.06786844166,18767.834400000003,21890.469200000007,26449.87428,67.77077845113617,92.009,96.7,98.445,0,146,1557,"BACKLOGGED",0.4681382757184507
"pd-pd3","80","0.5","777",17.000832474096814,3101.38519782852,510,73.60488770053476,143.037,155.2096,417.96748000000093,5098.764099769762,18193.7724,21474.7168,25742.68976,69.53953376852162,93.638,94.663,95.825,0,146,1574,"OVERLOADED",0.46157024793388435
"pd-pd3","80","1","42",16.80128305798286,3252.0483480921826,504,72.43580689655172,144.7664,154.35660000000001,406.83996000000053,5400.806048573631,19400.67020000001,22244.449600000004,26712.901839999995,70.1714338691396,93.06,94.478,96.644,0,126,1573,"BACKLOGGED",0.46338436077782375
"pd-pd3","80","1","123",16.100333813587735,3124.131440325196,483,65.90121433962264,134.4596,148.921,165.98263999999998,4982.0477119029565,18724.9576,21650.774999999983,26564.34144,68.98221849226182,93.046,94.81,97.742,0,123,1532,"BACKLOGGED",0.45428216797683074
"pd-pd3","80","1","777",16.600812886471008,2987.146270595717,498,70.43755763473054,145.0455,157.17175,340.7959000000028,4905.452068421053,18077.53160000001,21883.688799999996,26411.98513,70.93835363362959,93.946,94.749,96.932,0,140,1548,"OVERLOADED",0.4535743631881676
"pd-pd3","80","2","42",15.801206685483882,2963.8263375379765,474,70.92313603473228,144.4245,158.94170000000003,423.40997000000056,4794.087999272198,18820.801500000005,22085.8076,26500.417899999997,72.33863828391796,95.459,96.407,99.117,0,144,1502,"OVERLOADED",0.7452830507231518
"pd-pd3","80","2","123",15.666991495623677,2976.7283841684985,470,66.2730564516129,135.9815,152.4174,356.30604999999997,4775.272975735294,18501.6813,21862.693399999996,26673.824120000012,71.52885884273331,93.608,98.345,101.892,0,106,1507,"BACKLOGGED",0.4442174090723334
"pd-pd3","80","2","777",16.200793298845202,2900.8753795310845,486,69.03438478419898,143.88040000000004,154.90670000000003,334.05604,4767.9484647058825,18158.8779,22073.253349999995,26608.649580000005,72.9131514167514,94.584,98.848,103.95,0,199,1544,"OVERLOADED",0.6570623785420111
"pd-pd3","80","5","42",13.400339475266707,2311.6585620169044,402,70.47635185185186,150.97920000000005,171.80975,440.1878000000015,3771.868330213904,17716.529000000002,21407.8185,26550.587599999995,80.25164902967539,105.847,108.683,111.82,0,253,1388,"OVERLOADED",1
"pd-pd3","80","5","123",13.166939661215643,2205.1790540457205,395,64.54233186951066,137.0166,161.771,366.1487699999999,3399.285055063291,16448.896400000005,20551.16455,26015.35651,79.92761994555877,106.893,108.727,114.395,0,152,1320,"BACKLOGGED",0.3808777429467085
"pd-pd3","80","5","777",14.367370188893583,2382.116644311683,431,69.46251389786684,140.93019999999999,163.3991,382.84369999999996,3762.9227412223668,17289.8935,20983.202449999997,25931.06705999997,80.37111436173957,106.216,108.26,111.648,0,216,1411,"BACKLOGGED",0.4013234721681588
"pd-pd3","100","0.5","42",17.302281594199556,3450.7550395645503,519,61.254736870897155,129.3244,149.41434999999998,324.36124000000046,4295.3067402526085,19137.668,22663.939,26575.0062,73.45482334207205,92.845,94.132,97.013,0,268,1649,"OVERLOADED",1
"pd-pd3","100","0.5","123",16.872015095451925,3307.6151806789417,506,57.89869500531349,126.8135,143.46455,170.0064900000001,3908.7623851495723,17839.428900000003,21485.974549999995,26522.56528,72.14682226342828,93.536,94.776,95.774,0,196,1599,"OVERLOADED",0.850715395954419
"pd-pd3","100","0.5","777",17.43487283260445,3262.088042374142,523,62.99325619399051,136.73420000000002,152.11339999999998,379.31375999999966,3932.074035921817,18159.269399999997,21819.466599999996,25973.14428,73.75203982287246,93.203,94.016,97.353,0,262,1616,"OVERLOADED",1
"pd-pd3","100","1","42",17.035579758450815,3296.368014395498,511,64.65756782841822,141.0128,155.3028,452.30239999999975,4112.601602909483,18852.4775,22138.552750000003,26110.865550000006,74.72852535911434,93.241,94.044,95.104,0,227,1621,"OVERLOADED",1
"pd-pd3","100","1","123",16.13844922173662,3108.08526302838,484,56.736155486219445,126.3436,145.171,165.42286,3672.753702405858,17522.781000000003,21235.0307,26036.577199999974,73.58121608126908,93.251,94.892,95.655,0,212,1554,"OVERLOADED",0.8578202040689572
"pd-pd3","100","1","777",17.001501232558837,3078.905200662552,510,62.81603383654347,135.549,155.689,399.76879999999994,3769.626403133159,17515.264800000004,21460.661999999997,26353.091299999985,75.16398800204684,94.102,95.712,99.41,0,195,1592,"OVERLOADED",1
"pd-pd3","100","2","42",16.268811980673185,3104.4427058448105,488,61.64830584551148,135.7725,153.04575,365.1026999999996,3834.782587834295,18392.979600000002,21869.340399999997,26100.83946,76.50156831798604,96.181,96.761,98.462,0,240,1582,"OVERLOADED",1
"pd-pd3","100","2","123",15.504915058073408,2893.6172766767063,465,56.47524520686176,127.81280000000001,148.09774999999993,194.14804000000044,3442.85392494929,17469.606000000007,21352.644699999993,25835.054669999987,76.37728749015247,96.906,98.218,99.08,0,197,1510,"OVERLOADED",1
"pd-pd3","100","2","777",16.534793355586633,2929.1586447083278,496,59.66201558572147,134.6704,155.7386,231.74667999999605,3524.6765578575037,16904.5302,21070.388299999995,25304.978880000002,76.58981647228487,95.326,96.538,97.81,0,192,1545,"OVERLOADED",1
"pd-pd3","100","5","42",14.435236859900591,2640.114809806253,433,63.22703483807654,134.45849999999996,160.12374999999997,437.2182299999999,3220.4495621915107,16966.0435,21556.122,26826.01525,81.42449502285425,102.103,104.337,108.161,0,377,1484,"OVERLOADED",1
"pd-pd3","100","5","123",14.104471117344197,2476.2182945327,423,57.586077249175695,127.9846,153.11559999999997,344.8719600000004,2973.5146910299004,16162.072,20977.80499999999,26019.459580000002,82.91891629198267,105.011,107.184,110.719,0,218,1428,"OVERLOADED",1
"pd-pd3","100","5","777",14.90131578618392,2507.354732756236,447,62.77358831841734,139.738,160.6782,379.0524600000004,3027.683118957346,16001.672800000017,20828.14675,25800.787289999982,82.84775640322603,103.534,107.159,110.284,0,229,1460,"BACKLOGGED",0.3366865765482553
"pd-pd3","120","0.5","42",17.366865227825773,3440.5726705475336,521,55.371021431459766,121.2424,140.031,289.083760000021,3283.6099934985778,17034.292,21550.374,26053.6428,75.59809628511611,91.646,92.363,94.905,0,273,1631,"OVERLOADED",1
"pd-pd3","120","0.5","123",16.87039727385049,3293.494968187298,506,51.31831865492394,121.50310000000002,140.74995000000004,164.91138,3080.891567980692,16728.156,21193.506250000002,25696.242500000004,75.0801224803362,93.026,93.497,94.179,0,233,1581,"OVERLOADED",1
"pd-pd3","120","0.5","777",17.30231504975366,3190.0601633831943,519,56.83555884676145,130.14090000000002,149.21099999999996,381.47287000000006,3025.2830427722774,16151.609199999997,21108.642999999996,25617.791759999996,76.33813988651887,92.938,93.475,93.87,0,259,1628,"OVERLOADED",1
"pd-pd3","120","1","42",16.96686065444015,3312.304537348544,509,55.619556987515104,120.01540000000001,149.6227,352.0078199999997,3197.7397975708504,16878.4549,21655.856349999987,25958.95739999999,76.93359056838527,93.627,95.167,98.23,0,275,1626,"OVERLOADED",1
"pd-pd3","120","1","123",16.435955416087378,3179.240528172261,493,52.20881369426752,120.7224,143.13839999999993,167.98966,3004.86348478783,16590.096500000014,21340.7475,25582.561970000028,76.51440625494104,93.201,94.416,95.992,0,249,1578,"OVERLOADED",1
"pd-pd3","120","1","777",17.1690617507809,3156.540337377064,515,57.729307843137256,129.6278,152.0618,403.6468099999996,3028.5217432166733,16047.473800000002,21434.506300000005,25811.08949999998,78.05757850862288,94.67,95.622,97.609,0,252,1618,"OVERLOADED",1
"pd-pd3","120","2","42",16.700190938849733,3233.1036318181905,501,55.89620568495855,128.47260000000003,148.35500000000002,333.91959999999966,3076.9292988095235,16462.2262,21663.857299999992,26085.182380000002,77.59042905555958,94.102,95.143,99.433,0,307,1603,"OVERLOADED",1
"pd-pd3","120","2","123",16.003538915905605,3068.1784765337775,480,51.99549921568627,123.2944,142.8177999999999,169.07744999999937,2901.7481340694007,16422.8625,21163.236500000003,25818.767800000005,78.2013722431591,97.069,98.084,99.863,0,281,1557,"OVERLOADED",1
"pd-pd3","120","2","777",16.702329975031518,2957.379221068006,501,55.04909552923195,130.57160000000002,151.6732,277.6579200000013,2830.965665771297,15233.771999999999,20774.853750000002,25482.49394999999,79.27315829629966,95.593,98.151,98.922,0,230,1570,"OVERLOADED",1
"pd-pd3","120","5","42",14.933504073063236,2719.6310944488464,448,57.95000037202381,126.65990000000002,153.541,410.2890700000014,2615.5736780232123,14157.154,21015.770500000002,26015.30260000001,82.88281632980035,99.454,101.154,102.6,0,279,1476,"OVERLOADED",1
"pd-pd3","120","5","123",14.669910672913469,2614.1780819131804,440,53.58430073529412,122.24999999999999,148.1662,224.77217999999996,2499.9961516272188,13926.211000000065,20696.745049999998,25661.303719999996,83.99829337676996,103.668,104.899,106.096,0,252,1448,"OVERLOADED",1
"pd-pd3","120","5","777",15.368810615747563,2635.00091596111,461,56.27898466593647,127.27540000000013,151.63519999999997,369.48685999999935,2515.8850084372707,13277.189499999999,20361.46175,25945.82375,83.79139373616024,99.958,102.93,105.577,0,279,1492,"OVERLOADED",1
"pd-pd3","150","0.5","42",17.533918381743337,3446.9483465098283,526,46.5664453125,112.56700000000001,134.43025,153.62315,2471.0429346689893,13508.657200000027,20965.803399999993,26061.79781000001,78.55534133302228,91.81,92.288,92.542,0,283,1634,"OVERLOADED",1
"pd-pd3","150","0.5","123",17.40000406000095,3481.000812233523,522,49.19177412670219,115.76730000000006,138.16159999999994,179.93585000000016,2485.7275581326194,14086.066400000009,20899.748099999997,25875.040340000003,77.2550418062132,92.113,92.527,93.572,0,323,1630,"OVERLOADED",1
"pd-pd3","150","0.5","777",17.667411053585724,3337.9739733034085,530,52.34055133079848,120.68100000000005,144.1103,349.6256000000035,2421.6312387797007,13102.964800000009,20640.3796,26090.218920000003,78.49547926308921,91.849,92.878,93.622,0,317,1655,"OVERLOADED",1
"pd-pd3","150","1","42",17.23375498587199,3396.083090832956,517,49.64844194107452,111.5287,139.73499999999996,251.2602599999995,2425.912672078863,13194.3474,21000.490599999997,25774.20148,78.9700712192812,92.94,93.438,95.622,0,306,1639,"OVERLOADED",1
"pd-pd3","150","1","123",16.833337261112028,3270.4674297757338,505,48.71837041385383,113.55600000000003,137.1115,184.76410000000033,2388.893409734513,13406.386699999997,20516.40525,25809.00057000001,79.31053472528149,94.03,94.991,96.21,0,289,1602,"OVERLOADED",1
"pd-pd3","150","1","777",17.300728937379226,3313.9396273229645,519,52.22947143275711,120.4836,143.40699999999995,389.51196000000004,2388.331102850426,12598.629200000001,20844.671299999984,26010.69036,79.31284281308459,93.728,95.164,97.22,0,557,1659,"OVERLOADED",1
"pd-pd3","150","2","42",17.100570589038654,3266.8756714182364,513,51.63452376885853,117.39860000000009,146.8904,357.6390400000004,2366.558521142857,12797.519899999998,20746.135299999987,25815.66068999999,79.95007816186275,93.198,94.885,95.819,0,305,1619,"OVERLOADED",1
"pd-pd3","150","2","123",16.20000378000088,3086.3673868190567,486,47.98937207960773,111.04160000000002,137.38250000000002,170.57514000000032,2245.21222737819,11651.326700000003,20532.087649999987,25749.887519999964,80.45943395038272,95.193,97.434,99.36,0,294,1558,"OVERLOADED",1
"pd-pd3","150","2","777",16.76737313198796,3030.0276651656254,503,50.51350200918484,116.88780000000001,147.0929,295.9456,2237.063138824885,11231.953300000008,20115.842249999987,25626.268239999998,81.42757231674669,95.525,96.52,97.282,0,299,1602,"OVERLOADED",1
"pd-pd3","150","5","42",15.767192765331936,2954.5319162149376,473,52.894993651669886,119.55140000000003,150.10909999999993,408.67711999999676,2141.3291236484615,10156.046600000005,20427.458699999985,26145.052880000003,83.62759375,98.081,99.004,100.792,0,323,1546,"OVERLOADED",1
"pd-pd3","150","5","123",15.100003523334156,2777.400648060151,453,51.000420701168615,113.37760000000003,141.3406,274.491190000001,2039.392690736076,8296.730200000007,19327.74339999999,26032.374319999984,85.36945734834498,101.31,102.551,104.771,0,297,1501,"OVERLOADED",1
"pd-pd3","150","5","777",16.100678375248876,2840.686354251726,483,51.57508207105481,119.291,146.66299999999998,305.84959999999865,2095.6890863548297,9463.348400000039,19657.965399999935,26021.151120000002,84.73256168716217,98.555,99.155,102.013,0,318,1530,"OVERLOADED",1
