arm,rate,seed,throughput_rps,tokens_per_sec,completed,ttft_mean_ms,ttft_p90_ms,ttft_p95_ms,ttft_p99_ms,e2e_mean_ms,e2e_p90_ms,e2e_p95_ms,e2e_p99_ms,itl_mean_ms,itl_p90_ms,itl_p95_ms,itl_p99_ms,timeouts,preemptions,disagg_count,lir,sat_level,sat_score
"agg-6xtp4","40","42",3.144016426687079,1324.7854919378985,2960,422.1595738368173,946.8065,1142.9145,1543.8902999999996,25460.941057094595,60929.74649999999,97809.40124999998,210229.99271999983,59.56245704166322,88.81,98.519,115.255,6,0,0,"","OVERLOADED",0.6783701037802949
"agg-6xtp4","40","123",3.7745774269701053,1512.981535583146,2970,420.0101885714286,959.0577999999999,1121.8188999999998,1400.3334399999999,23929.97576868687,60362.71579999997,90285.29669999995,189116.50007999997,58.797576469736235,86.212,94.703,113.565,5,0,0,"","OVERLOADED",0.7643372987541638
"agg-6xtp4","40","777",3.5736607463071666,1373.2624086565647,3015,433.89331475953566,970.3744,1159.5347999999992,1523.52052,22848.819559203977,53777.6728,83453.07339999988,195265.38462000055,58.48085226585344,84.145,92.146,107.155,0,0,0,"","OVERLOADED",0.6379904165180565
"agg-6xtp4","80","42",3.2085572238741857,1339.4253989578838,2920,450.740695221843,1015.6438999999998,1215.5214499999995,1524.3399100000006,25261.467324999998,62624.419399999984,99336.96109999999,196541.46712,59.573672193321634,86.891,95.78,113.577,10,0,0,"","OVERLOADED",0.5868286985774365
"agg-6xtp4","80","123",3.639106998432378,1464.9963077441741,2974,471.33912252433703,1075.8980000000004,1294.7469999999998,1569.3525199999997,24370.519056489575,58250.999900000046,92640.81069999999,207844.35979999995,59.51254095305082,90.105,102.429,121.744,5,0,0,"","OVERLOADED",0.7426493023273364
"agg-6xtp4","80","777",3.390277267882212,1287.706942959229,2963,473.00246327493267,1057.1489000000006,1318.7144,1861.3764599999986,22582.91572089099,51586.78340000007,84276.7636000001,186651.0073000003,58.36191884923569,85.999,102.217,135.786,5,0,0,"","OVERLOADED",0.5555167747773588
"agg-6xtp4","100","42",3.232922251879361,1364.550902887796,2948,472.0839932318105,1072.1126,1248.0180999999982,1536.13038,25418.447697761192,62152.00680000013,99647.30440000011,206425.75574000017,59.24142309740338,85.257,94.599,111.225,7,0,0,"","STABLE",0.0023688663282571687
"agg-6xtp4","100","123",3.5910293627838543,1433.1335062894473,2962,486.0129333108791,1134.0832000000003,1419.0898,1652.9726800000008,24263.93558271438,58507.18400000001,92190.21404999997,193138.89024999976,59.72742113449362,88.319,101.057,118.062,7,0,0,"","OVERLOADED",0.7621291420960346
"agg-6xtp4","100","777",3.4467026906812515,1292.535813961574,2936,497.71704553177034,1204.0260000000003,1451.7434,1798.7122199999997,22442.943063351497,53047.1055,82325.67225,178732.9256000002,58.67275522433186,90.505,101.367,119.385,7,0,0,"","OVERLOADED",0.5676371935967324
"agg-6xtp4","200","42",3.2607972774027294,1374.0015961016834,2950,511.72073283733516,1162.8534000000002,1715.0358,1956.8108000000002,25718.32324644068,62827.369999999995,101256.52454999993,209899.0896899999,59.96053186419383,86.071,98.442,121.158,7,0,0,"","OVERLOADED",0.6782703134092521
"agg-6xtp4","200","123",3.6980780695939406,1491.7054342845097,2988,510.8712153126045,1143.596,1761.883,2130.597599999999,24281.51178313253,59359.62600000003,92206.46135000007,193180.94609000004,59.07420507348054,88.574,97.343,115.055,3,0,0,"","OVERLOADED",0.6391051566842741
"agg-6xtp4","200","777",3.467408511288613,1310.4106256711566,2956,521.9849632005402,1184.8973000000003,1805.6266999999993,2234.596379999998,22526.447564614344,52650.609,82273.84225,169538.30324999953,58.376154163323406,85.858,94.729,112.753,6,0,0,"","STABLE",0.002025658338960179
"pd-default","40","42",2.2703218432015815,891.9947464712259,2254,487.25950753985353,593.364,620.636,694.2456000000004,35141.09169021973,87623.481,140445.445,300000,83.02030660411535,102.179,104.545,107.434,25,0,2279,"1.0297","OVERLOADED",0.5325804899048462
"pd-default","40","123",2.432628515674252,918.9571315572276,2359,486.78882297241665,585.5154,619.0566,742.6066399999997,34673.37552696583,85601.52800000005,131047.41199999978,268312.2399999993,86.4851635009181,104.62370000000007,106.201,108.576,22,1,2381,"1.0297","OVERLOADED",0.48140885241130976
"pd-default","40","777",2.399769641433323,852.9344773578223,2385,487.06185749285424,590.4150000000001,620.3628,690.7838,31357.877019599837,73548.10220000005,114947.08119999999,235408.8733599999,83.90269762806103,102.817,104.967,108.298,17,0,2402,"1.0268","STABLE",0
"pd-default","80","42",2.3110584145134467,911.5329724016548,2323,525.6125336961071,621.1175999999999,813.0479999999998,1249.3732799999989,35737.22687735454,87853.1830000001,143632.0501999999,297841.2033599997,84.62611234462534,103.671,106.212,108.654,24,0,2347,"1.0284","STABLE",0
"pd-default","80","123",2.3882224267671783,899.5901059520875,2268,538.9223697694279,631.9906,1031.264849999999,1371.9259800000011,33210.26049487617,80859.7915,128061.0467999995,263913.1674600005,83.22607625959905,102.741,105.113,108.874,20,1,2288,"1.0326","OVERLOADED",0.532634116754669
"pd-default","80","777",2.5361965531987,895.0872228691968,2334,503.4231325,609.1539,654.7429,895.4704499999992,30709.536802083334,70613.7313,113336.45874999986,243390.72658999905,82.90878462197753,102.047,104.787,108.565,16,0,2350,"1.0283","STABLE",0
"pd-default","100","42",2.2287849971526104,901.9160104438388,2196,546.0876875828546,634.2638,1084.0348000000001,1349.490060000002,34456.5727918692,86315.6692,137556.06490000003,272462.45926000044,80.23758896974797,99.335,102.265,107.34,20,0,2216,"1.0305","OVERLOADED",0.4713406634063263
"pd-default","100","123",2.3198986446963064,885.3104924629041,2172,576.8279308652989,659.4735000000001,1422.8373999999992,1819.9698500000004,31530.476471454058,79297.72430000002,119242.76179999993,248482.57104000033,78.58654667000525,96.684,99.264,107.113,16,0,2188,"1.0322","OVERLOADED",0.5872031799858447
"pd-default","100","777",2.326270811780259,832.1630436604397,2265,533.5059013722126,636.5585,813.4687999999999,1600.1154900000008,30024.43250042882,71145.31160000002,109009.25184999971,237816.25755,80.39074540706453,99.384,102.66,108.037,14,1,2279,"1.0296","STABLE",0
"pd-default","200","42",2.1849532088024146,868.9235991259261,2084,629.446195450325,676.8211000000001,1969.49055,2176.5340499999966,33367.33934308264,83998.74980000002,129207.17334999997,290773.41602999653,77.75361322233672,97.293,100.094,105.312,22,0,2106,"1.0336","OVERLOADED",0.5492423752298117
"pd-default","200","123",2.3585026841825005,902.2123139382022,2302,631.0657820404722,651.3837000000001,2104.6794,2487.97854,34503.23967790893,84315.94780000001,131755.88939999993,293167.95396999974,84.43408513075319,103.314,105.663,108.411,22,1,2324,"1.0304","OVERLOADED",0.5369821352722599
"pd-default","200","777",2.3615440885483343,838.7141396527107,2310,603.0386295206056,654.2617000000002,1521.5693000000006,2485.36138,30676.590662741797,71809.07670000003,112340.72140000005,248898.7235100001,82.40744146667025,101.356,104.341,108.671,15,0,2325,"1.0294","STABLE",0
"pd-champ","40","42",2.3196045441434983,927.6095692917878,2417,489.9818904109589,590.9313000000001,616.0697999999999,688.75972,37773.329014101524,95670.50560000003,152032.0285499999,300000,88.35718772461705,106.068,107.577,108.888,26,0,2443,"1.0269","STABLE",0
"pd-champ","40","123",2.4383070850034922,921.0258483944061,2389,489.2399357200976,587.4868,616.5199,749.5819299999988,35072.36085923515,85790.6824,132768.47160000005,272181.3977499998,87.25102762296504,105.805,107.084,109.308,23,3,2412,"1.0289","STABLE",0
"pd-champ","40","777",2.39161460934645,850.6195890697285,2400,508.0462557856273,605.9308,653.1328,1220.9172000000005,32241.21398091758,77106.8956000001,119788.9268,265248.5410400004,85.62924616835956,104.706,106.453,108.636,19,0,2419,"1.0263","STABLE",0
"pd-champ","80","42",2.261364266182838,907.8383630591437,2298,559.6757020736352,627.5008000000001,1162.6878000000004,1835.9521600000012,36749.70781887432,92159.74060000005,146556.12840000007,300000,84.9009822667368,103.545,105.72,108.597,26,1,2324,"1.0283","STABLE",0
"pd-champ","80","123",2.584837139228619,955.0478738866591,2300,544.8468298860279,631.7176000000006,1115.5466000000001,1493.6994,33357.36735542423,81091.17860000001,124323.00079999998,264954.2919600003,84.7501818748186,104.809,106.76,108.657,21,3,2321,"1.0300","OVERLOADED",0.5011270912319197
"pd-champ","80","777",2.3702639285637517,838.4707180516508,2336,554.1753318068277,647.5627000000001,1200.4083999999996,1569.3170599999996,30983.663131557038,73518.50480000002,115207.94844999988,231258.6991099999,83.36534585092001,101.743,104.622,108.685,16,1,2352,"1.0283","STABLE",0
"pd-champ","100","42",2.276128461869774,895.6778729535687,2295,559.9827815945716,636.7861000000003,1189.0586,1633.5361699999996,36210.97335793045,89528.85290000001,142065.54065,300000,85.46208511238231,104.355,106.376,108.64,25,0,2320,"1.0275","STABLE",0
"pd-champ","100","123",2.3665237478750702,905.5312381455433,2103,587.6780806451613,661.4756,1559.7597499999995,1875.04035,30805.804866359445,75010.60010000003,117600.6430999996,264859.39188999997,76.16040676158401,96.235,99.011,103.323,16,0,2119,"1.0319","OVERLOADED",0.790621920949389
"pd-champ","100","777",2.3735264486725467,841.688450407064,2349,569.0170700953961,650.433,1374.9385,1732.2517,31853.20809456657,74033.687,114863.08350000001,258016.74430000005,84.80108431791314,104.164,106.476,109.257,18,1,2367,"1.0264","STABLE",0
"pd-champ","200","42",2.2472199522078515,881.1643528423805,2193,631.8469946784921,663.3452000000005,2011.0944999999995,2532.63216,34255.312275831486,85936.45040000002,134991.13789999924,290363.27414000005,81.15835133162568,101.416,103.536,108.376,22,0,2215,"1.0283","STABLE",0
"pd-champ","200","123",2.293479906057487,878.2519319987058,2037,643.7879188034187,675.822,2047.4205000000002,2583.799699999999,28271.580782526118,69531.696,107010.6925,233015.02419999897,71.72968476092545,91.039,93.395,98.103,9,0,2046,"1.0339","STABLE",0
"pd-champ","200","777",2.317052348422917,833.9109898128946,2227,625.8215727986051,663.7014000000001,2182.7027999999996,2653.175600000001,29803.792968613772,68984.91750000001,108139.00554999983,233259.1486200018,78.95342981380603,99.916,104.296,109.041,14,1,2241,"1.0301","STABLE",0
